{
  "IcoMoonType": "selection",
  "icons": [
    {
      "icon": {
        "paths": [
          "M877.714 665.6l-131.657-7.314c-36.571 0-73.143 7.314-87.771 29.257l-102.4 102.4c-146.286-80.457-263.314-212.114-336.457-358.4l95.086-102.4c21.943-21.943 36.571-51.2 29.257-80.457l-14.629-138.971c-7.314-51.2-58.514-87.771-109.714-87.771h-95.086c-51.2 0-109.714 43.886-102.4 109.714 29.257 446.171 387.657 804.571 841.143 841.143 58.514 0 109.714-51.2 109.714-109.714v-87.771c0-58.514-43.886-102.4-95.086-109.714z"
        ],
        "attrs": [
          {}
        ],
        "isMulticolor": false,
        "isMulticolor2": false,
        "grid": 0,
        "tags": [
          "call"
        ]
      },
      "attrs": [
        {}
      ],
      "properties": {
        "order": 35,
        "id": 2,
        "name": "call",
        "prevSize": 32
      },
      "setIdx": 0,
      "setId": 6,
      "iconIdx": 0
    },
    {
      "icon": {
        "paths": [
          "M1194.667 0h-1024c-68.267 0-128 59.733-128 128v768c0 68.267 59.733 128 128 128h1024c68.267 0 128-59.733 128-128v-768c0-68.267-59.733-128-128-128zM1169.067 273.067l-452.267 281.6c-17.067 17.067-51.2 17.067-68.267 0l-452.267-281.6c-13.504-9.54-22.215-25.086-22.215-42.667 0-28.764 23.318-52.081 52.081-52.081 11.183 0 21.543 3.525 30.030 9.524l-0.163-0.109 426.667 256 426.667-256c8.323-5.89 18.683-9.415 29.867-9.415 28.764 0 52.081 23.318 52.081 52.081 0 17.58-8.711 33.126-22.051 42.557l-0.163 0.109z"
        ],
        "attrs": [
          {}
        ],
        "width": 1365,
        "isMulticolor": false,
        "isMulticolor2": false,
        "grid": 0,
        "tags": [
          "email"
        ]
      },
      "attrs": [
        {}
      ],
      "properties": {
        "order": 36,
        "id": 1,
        "name": "email",
        "prevSize": 32
      },
      "setIdx": 0,
      "setId": 6,
      "iconIdx": 1
    },
    {
      "icon": {
        "paths": [
          "M512 512c141.385 0 256-114.615 256-256s-114.615-256-256-256v0c-141.385 0-256 114.615-256 256s114.615 256 256 256v0zM512 640c-170.667 0-512 85.333-512 256v68.267c0 34.133 25.6 59.733 68.267 59.733h887.467c42.667 0 68.267-25.6 68.267-68.267v-59.733c0-170.667-341.333-256-512-256z"
        ],
        "attrs": [
          {}
        ],
        "isMulticolor": false,
        "isMulticolor2": false,
        "grid": 0,
        "tags": [
          "person"
        ]
      },
      "attrs": [
        {}
      ],
      "properties": {
        "order": 37,
        "id": 0,
        "name": "person",
        "prevSize": 32
      },
      "setIdx": 0,
      "setId": 6,
      "iconIdx": 2
    }
  ],
  "height": 1024,
  "preferences": {
    "showGlyphs": true,
    "showQuickUse": true,
    "showQuickUse2": true,
    "showSVGs": true,
    "fontPref": {
      "prefix": "icon-",
      "metadata": {
        "fontFamily": "icomoon"
      },
      "metrics": {
        "emSize": 1024,
        "baseline": 6.25,
        "whitespace": 50
      },
      "embed": false
    },
    "imagePref": {
      "prefix": "icon-",
      "png": false,
      "useClassSelector": true,
      "color": 0,
      "bgColor": 16777215,
      "classSelector": ".icon",
      "name": "icons",
      "height": 32,
      "columns": 16,
      "margin": 16,
      "sprite": true
    },
    "historySize": 50,
    "showCodes": true,
    "gridSize": 16
  }
}